Emirate_Ar,Emirate_En,Category_Type_Ar,Category_Type_En,Measurement_unit_Ar,Measurement_unit_En,اسم المحطة,Station Name,نوع موقع المحطة ,Type of Location ,Year,Value
دبي,Dubai,تركيز ثاني أكسيد النيتروجين (NO2),Nitrogen Dioxide (NO2) Concentration,ميكروجرام/ متر مكعب,µg/Nm3,ديرة ,Deira,سكنية ,Residential,2006,47.763
دبي,Dubai,تركيز ثاني أكسيد النيتروجين (NO2),Nitrogen Dioxide (NO2) Concentration,ميكروجرام/ متر مكعب,µg/Nm3,الصفا ,Al Safa,سكنية ,Residential,2006,40.805
دبي,Dubai,تركيز ثاني أكسيد النيتروجين (NO2),Nitrogen Dioxide (NO2) Concentration,ميكروجرام/ متر مكعب,µg/Nm3,كرامة ,Karama,سكنية ,Residential,2006,46.635
دبي,Dubai,تركيز ثاني أكسيد النيتروجين (NO2),Nitrogen Dioxide (NO2) Concentration,ميكروجرام/ متر مكعب,µg/Nm3,قرية جبل علي ,J. Ali Village,سكنية ,Residential,2006,47.95131048387097
دبي,Dubai,تركيز ثاني أكسيد النيتروجين (NO2),Nitrogen Dioxide (NO2) Concentration,ميكروجرام/ متر مكعب,µg/Nm3,ميناء  جبل علي ,J. Ali Port,صناعية ,Industrial,2006,45.50673387096774
الفجيرة,Fujairah,تركيز ثاني أكسيد النيتروجين (NO2),Nitrogen Dioxide (NO2) Concentration,ميكروجرام/ متر مكعب,µg/Nm3,سكمكم,Sakamkam,عمرانية / سكنية,Urban/Residential,2006,15.043548387096775
الفجيرة,Fujairah,تركيز ثاني أكسيد النيتروجين (NO2),Nitrogen Dioxide (NO2) Concentration,ميكروجرام/ متر مكعب,µg/Nm3,المطار,Airport,صناعية,Industrial,2006,11.282661290322581
الفجيرة,Fujairah,تركيز ثاني أكسيد النيتروجين (NO2),Nitrogen Dioxide (NO2) Concentration,ميكروجرام/ متر مكعب,µg/Nm3,الميناء,Seaport,صناعية,Industrial,2006,16.92399193548387
الفجيرة,Fujairah,تركيز ثاني أكسيد النيتروجين (NO2),Nitrogen Dioxide (NO2) Concentration,ميكروجرام/ متر مكعب,µg/Nm3,مرباح,Murbah,عمرانية / سكنية,Urban/Residential,2006,16.92399193548387
الفجيرة,Fujairah,تركيز ثاني أكسيد النيتروجين (NO2),Nitrogen Dioxide (NO2) Concentration,ميكروجرام/ متر مكعب,µg/Nm3,دبا,Diba,عمرانية / سكنية,Urban/Residential,2006,22.565322580645162
دبي,Dubai,تركيز ثاني أكسيد النيتروجين (NO2),Nitrogen Dioxide (NO2) Concentration,ميكروجرام/ متر مكعب,µg/Nm3,ديرة ,Deira,سكنية ,Residential,2007,46.25891129032258
دبي,Dubai,تركيز ثاني أكسيد النيتروجين (NO2),Nitrogen Dioxide (NO2) Concentration,ميكروجرام/ متر مكعب,µg/Nm3,الصفا ,Al Safa,سكنية ,Residential,2007,51.71219758064516
دبي,Dubai,تركيز ثاني أكسيد النيتروجين (NO2),Nitrogen Dioxide (NO2) Concentration,ميكروجرام/ متر مكعب,µg/Nm3,كرامة ,Karama,سكنية ,Residential,2007,66.37965725806451
دبي,Dubai,تركيز ثاني أكسيد النيتروجين (NO2),Nitrogen Dioxide (NO2) Concentration,ميكروجرام/ متر مكعب,µg/Nm3,قرية جبل علي ,J. Ali Village,سكنية ,Residential,2007,75.02969758064516
دبي,Dubai,تركيز ثاني أكسيد النيتروجين (NO2),Nitrogen Dioxide (NO2) Concentration,ميكروجرام/ متر مكعب,µg/Nm3,ميناء  جبل علي ,J. Ali Port,صناعية ,Industrial,2007,56.225262096774195
الفجيرة,Fujairah,تركيز ثاني أكسيد النيتروجين (NO2),Nitrogen Dioxide (NO2) Concentration,ميكروجرام/ متر مكعب,µg/Nm3,سكمكم,Sakamkam,عمرانية / سكنية,Urban/Residential,2007,16.92399193548387
الفجيرة,Fujairah,تركيز ثاني أكسيد النيتروجين (NO2),Nitrogen Dioxide (NO2) Concentration,ميكروجرام/ متر مكعب,µg/Nm3,المطار,Airport,صناعية,Industrial,2007,18.804435483870968
الفجيرة,Fujairah,تركيز ثاني أكسيد النيتروجين (NO2),Nitrogen Dioxide (NO2) Concentration,ميكروجرام/ متر مكعب,µg/Nm3,الميناء,Seaport,صناعية,Industrial,2007,22.565322580645162
الفجيرة,Fujairah,تركيز ثاني أكسيد النيتروجين (NO2),Nitrogen Dioxide (NO2) Concentration,ميكروجرام/ متر مكعب,µg/Nm3,مرباح,Murbah,عمرانية / سكنية,Urban/Residential,2007,16.92399193548387
الفجيرة,Fujairah,تركيز ثاني أكسيد النيتروجين (NO2),Nitrogen Dioxide (NO2) Concentration,ميكروجرام/ متر مكعب,µg/Nm3,دبا,Diba,عمرانية / سكنية,Urban/Residential,2007,20.684879032258063
دبي,Dubai,تركيز ثاني أكسيد النيتروجين (NO2),Nitrogen Dioxide (NO2) Concentration,ميكروجرام/ متر مكعب,µg/Nm3,ديرة ,Deira,سكنية ,Residential,2008,26.702298387096775
دبي,Dubai,تركيز ثاني أكسيد النيتروجين (NO2),Nitrogen Dioxide (NO2) Concentration,ميكروجرام/ متر مكعب,µg/Nm3,الصفا ,Al Safa,سكنية ,Residential,2008,59.986149193548385
دبي,Dubai,تركيز ثاني أكسيد النيتروجين (NO2),Nitrogen Dioxide (NO2) Concentration,ميكروجرام/ متر مكعب,µg/Nm3,كرامة ,Karama,سكنية ,Residential,2008,-
دبي,Dubai,تركيز ثاني أكسيد النيتروجين (NO2),Nitrogen Dioxide (NO2) Concentration,ميكروجرام/ متر مكعب,µg/Nm3,قرية جبل علي ,J. Ali Village,سكنية ,Residential,2008,58.29375
دبي,Dubai,تركيز ثاني أكسيد النيتروجين (NO2),Nitrogen Dioxide (NO2) Concentration,ميكروجرام/ متر مكعب,µg/Nm3,ميناء  جبل علي ,J. Ali Port,صناعية ,Industrial,2008,65.8155241935484
عجمان ,Ajman,تركيز ثاني أكسيد النيتروجين (NO2),Nitrogen Dioxide (NO2) Concentration,ميكروجرام/ متر مكعب,µg/Nm3,---,---,---,---,2008,65.8155241935484
رأس الخيمة ,Ras Al-Khaimah ,تركيز ثاني أكسيد النيتروجين (NO2),Nitrogen Dioxide (NO2) Concentration,ميكروجرام/ متر مكعب,µg/Nm3,القاسمية,Al Qasimih,عمرانية / سكنية,Urban/Residential,2008,52.65241935483871
رأس الخيمة ,Ras Al-Khaimah ,تركيز ثاني أكسيد النيتروجين (NO2),Nitrogen Dioxide (NO2) Concentration,ميكروجرام/ متر مكعب,µg/Nm3,الجير,Al  Jeer,عمرانية / سكنية,Urban/Residential,2008,20.684879032258063
رأس الخيمة ,Ras Al-Khaimah ,تركيز ثاني أكسيد النيتروجين (NO2),Nitrogen Dioxide (NO2) Concentration,ميكروجرام/ متر مكعب,µg/Nm3,البريرات,Burairat,عمرانية / سكنية,Urban/Residential,2008,…
الفجيرة,Fujairah,تركيز ثاني أكسيد النيتروجين (NO2),Nitrogen Dioxide (NO2) Concentration,ميكروجرام/ متر مكعب,µg/Nm3,سكمكم,Sakamkam,عمرانية / سكنية,Urban/Residential,2008,13.163104838709678
الفجيرة,Fujairah,تركيز ثاني أكسيد النيتروجين (NO2),Nitrogen Dioxide (NO2) Concentration,ميكروجرام/ متر مكعب,µg/Nm3,المطار,Airport,صناعية,Industrial,2008,18.804435483870968
الفجيرة,Fujairah,تركيز ثاني أكسيد النيتروجين (NO2),Nitrogen Dioxide (NO2) Concentration,ميكروجرام/ متر مكعب,µg/Nm3,الميناء,Seaport,صناعية,Industrial,2008,9.402217741935484
الفجيرة,Fujairah,تركيز ثاني أكسيد النيتروجين (NO2),Nitrogen Dioxide (NO2) Concentration,ميكروجرام/ متر مكعب,µg/Nm3,مرباح,Murbah,عمرانية / سكنية,Urban/Residential,2008,13.163104838709678
الفجيرة,Fujairah,تركيز ثاني أكسيد النيتروجين (NO2),Nitrogen Dioxide (NO2) Concentration,ميكروجرام/ متر مكعب,µg/Nm3,دبا,Diba,عمرانية / سكنية,Urban/Residential,2008,3.760887096774194
دبي,Dubai,تركيز ثاني أكسيد النيتروجين (NO2),Nitrogen Dioxide (NO2) Concentration,ميكروجرام/ متر مكعب,µg/Nm3,ديرة ,Deira,سكنية ,Residential,2009,-
دبي,Dubai,تركيز ثاني أكسيد النيتروجين (NO2),Nitrogen Dioxide (NO2) Concentration,ميكروجرام/ متر مكعب,µg/Nm3,الصفا ,Al Safa,سكنية ,Residential,2009,40.24149193548387
دبي,Dubai,تركيز ثاني أكسيد النيتروجين (NO2),Nitrogen Dioxide (NO2) Concentration,ميكروجرام/ متر مكعب,µg/Nm3,كرامة ,Karama,سكنية ,Residential,2009,-
دبي,Dubai,تركيز ثاني أكسيد النيتروجين (NO2),Nitrogen Dioxide (NO2) Concentration,ميكروجرام/ متر مكعب,µg/Nm3,قرية جبل علي ,J. Ali Village,سكنية ,Residential,2009,-
دبي,Dubai,تركيز ثاني أكسيد النيتروجين (NO2),Nitrogen Dioxide (NO2) Concentration,ميكروجرام/ متر مكعب,µg/Nm3,ميناء  جبل علي ,J. Ali Port,صناعية ,Industrial,2009,44.37846774193549
عجمان ,Ajman,تركيز ثاني أكسيد النيتروجين (NO2),Nitrogen Dioxide (NO2) Concentration,ميكروجرام/ متر مكعب,µg/Nm3,---,---,---,---,2009,80.85907258064516
رأس الخيمة ,Ras Al-Khaimah ,تركيز ثاني أكسيد النيتروجين (NO2),Nitrogen Dioxide (NO2) Concentration,ميكروجرام/ متر مكعب,µg/Nm3,القاسمية,Al Qasimih,عمرانية / سكنية,Urban/Residential,2009,63.9350806451613
رأس الخيمة ,Ras Al-Khaimah ,تركيز ثاني أكسيد النيتروجين (NO2),Nitrogen Dioxide (NO2) Concentration,ميكروجرام/ متر مكعب,µg/Nm3,الجير,Al  Jeer,عمرانية / سكنية,Urban/Residential,2009,28.206653225806452
رأس الخيمة ,Ras Al-Khaimah ,تركيز ثاني أكسيد النيتروجين (NO2),Nitrogen Dioxide (NO2) Concentration,ميكروجرام/ متر مكعب,µg/Nm3,البريرات,Burairat,عمرانية / سكنية,Urban/Residential,2009,43.250201612903226
الفجيرة,Fujairah,تركيز ثاني أكسيد النيتروجين (NO2),Nitrogen Dioxide (NO2) Concentration,ميكروجرام/ متر مكعب,µg/Nm3,سكمكم,Sakamkam,عمرانية / سكنية,Urban/Residential,2009,…
الفجيرة,Fujairah,تركيز ثاني أكسيد النيتروجين (NO2),Nitrogen Dioxide (NO2) Concentration,ميكروجرام/ متر مكعب,µg/Nm3,المطار,Airport,صناعية,Industrial,2009,…
الفجيرة,Fujairah,تركيز ثاني أكسيد النيتروجين (NO2),Nitrogen Dioxide (NO2) Concentration,ميكروجرام/ متر مكعب,µg/Nm3,الميناء,Seaport,صناعية,Industrial,2009,43.250201612903226
الفجيرة,Fujairah,تركيز ثاني أكسيد النيتروجين (NO2),Nitrogen Dioxide (NO2) Concentration,ميكروجرام/ متر مكعب,µg/Nm3,مرباح,Murbah,عمرانية / سكنية,Urban/Residential,2009,…
الفجيرة,Fujairah,تركيز ثاني أكسيد النيتروجين (NO2),Nitrogen Dioxide (NO2) Concentration,ميكروجرام/ متر مكعب,µg/Nm3,دبا,Diba,عمرانية / سكنية,Urban/Residential,2009,…
دبي,Dubai,تركيز ثاني أكسيد النيتروجين (NO2),Nitrogen Dioxide (NO2) Concentration,ميكروجرام/ متر مكعب,µg/Nm3,ديرة ,Deira,سكنية ,Residential,2010,38.9251814516129
دبي,Dubai,تركيز ثاني أكسيد النيتروجين (NO2),Nitrogen Dioxide (NO2) Concentration,ميكروجرام/ متر مكعب,µg/Nm3,الصفا ,Al Safa,سكنية ,Residential,2010,49.83175403225806
دبي,Dubai,تركيز ثاني أكسيد النيتروجين (NO2),Nitrogen Dioxide (NO2) Concentration,ميكروجرام/ متر مكعب,µg/Nm3,كرامة ,Karama,سكنية ,Residential,2010,-
دبي,Dubai,تركيز ثاني أكسيد النيتروجين (NO2),Nitrogen Dioxide (NO2) Concentration,ميكروجرام/ متر مكعب,µg/Nm3,قرية جبل علي ,J. Ali Village,سكنية ,Residential,2010,-
دبي,Dubai,تركيز ثاني أكسيد النيتروجين (NO2),Nitrogen Dioxide (NO2) Concentration,ميكروجرام/ متر مكعب,µg/Nm3,ميناء  جبل علي ,J. Ali Port,صناعية ,Industrial,2010,32.155584677419355
عجمان ,Ajman,تركيز ثاني أكسيد النيتروجين (NO2),Nitrogen Dioxide (NO2) Concentration,ميكروجرام/ متر مكعب,µg/Nm3,---,---,---,---,2010,60.1741935483871
رأس الخيمة ,Ras Al-Khaimah ,تركيز ثاني أكسيد النيتروجين (NO2),Nitrogen Dioxide (NO2) Concentration,ميكروجرام/ متر مكعب,µg/Nm3,القاسمية,Al Qasimih,عمرانية / سكنية,Urban/Residential,2010,39.489314516129035
رأس الخيمة ,Ras Al-Khaimah ,تركيز ثاني أكسيد النيتروجين (NO2),Nitrogen Dioxide (NO2) Concentration,ميكروجرام/ متر مكعب,µg/Nm3,الجير,Al  Jeer,عمرانية / سكنية,Urban/Residential,2010,30.08709677419355
رأس الخيمة ,Ras Al-Khaimah ,تركيز ثاني أكسيد النيتروجين (NO2),Nitrogen Dioxide (NO2) Concentration,ميكروجرام/ متر مكعب,µg/Nm3,البريرات,Burairat,عمرانية / سكنية,Urban/Residential,2010,31.96754032258065
الفجيرة,Fujairah,تركيز ثاني أكسيد النيتروجين (NO2),Nitrogen Dioxide (NO2) Concentration,ميكروجرام/ متر مكعب,µg/Nm3,سكمكم,Sakamkam,عمرانية / سكنية,Urban/Residential,2010,…
الفجيرة,Fujairah,تركيز ثاني أكسيد النيتروجين (NO2),Nitrogen Dioxide (NO2) Concentration,ميكروجرام/ متر مكعب,µg/Nm3,المطار,Airport,صناعية,Industrial,2010,…
الفجيرة,Fujairah,تركيز ثاني أكسيد النيتروجين (NO2),Nitrogen Dioxide (NO2) Concentration,ميكروجرام/ متر مكعب,µg/Nm3,الميناء,Seaport,صناعية,Industrial,2010,16.92399193548387
الفجيرة,Fujairah,تركيز ثاني أكسيد النيتروجين (NO2),Nitrogen Dioxide (NO2) Concentration,ميكروجرام/ متر مكعب,µg/Nm3,مرباح,Murbah,عمرانية / سكنية,Urban/Residential,2010,…
الفجيرة,Fujairah,تركيز ثاني أكسيد النيتروجين (NO2),Nitrogen Dioxide (NO2) Concentration,ميكروجرام/ متر مكعب,µg/Nm3,دبا,Diba,عمرانية / سكنية,Urban/Residential,2010,3.760887096774194
دبي,Dubai,تركيز ثاني أكسيد النيتروجين (NO2),Nitrogen Dioxide (NO2) Concentration,ميكروجرام/ متر مكعب,µg/Nm3,ديرة ,Deira,سكنية ,Residential,2011,-
دبي,Dubai,تركيز ثاني أكسيد النيتروجين (NO2),Nitrogen Dioxide (NO2) Concentration,ميكروجرام/ متر مكعب,µg/Nm3,الصفا ,Al Safa,سكنية ,Residential,2011,-
دبي,Dubai,تركيز ثاني أكسيد النيتروجين (NO2),Nitrogen Dioxide (NO2) Concentration,ميكروجرام/ متر مكعب,µg/Nm3,كرامة ,Karama,سكنية ,Residential,2011,-
دبي,Dubai,تركيز ثاني أكسيد النيتروجين (NO2),Nitrogen Dioxide (NO2) Concentration,ميكروجرام/ متر مكعب,µg/Nm3,قرية جبل علي ,J. Ali Village,سكنية ,Residential,2011,-
دبي,Dubai,تركيز ثاني أكسيد النيتروجين (NO2),Nitrogen Dioxide (NO2) Concentration,ميكروجرام/ متر مكعب,µg/Nm3,ميناء  جبل علي ,J. Ali Port,صناعية ,Industrial,2011,33.47189516129032
الفجيرة,Fujairah,تركيز ثاني أكسيد النيتروجين (NO2),Nitrogen Dioxide (NO2) Concentration,ميكروجرام/ متر مكعب,µg/Nm3,سكمكم,Sakamkam,عمرانية / سكنية,Urban/Residential,2011,5.641330645161291
الفجيرة,Fujairah,تركيز ثاني أكسيد النيتروجين (NO2),Nitrogen Dioxide (NO2) Concentration,ميكروجرام/ متر مكعب,µg/Nm3,المطار,Airport,صناعية,Industrial,2011,….
الفجيرة,Fujairah,تركيز ثاني أكسيد النيتروجين (NO2),Nitrogen Dioxide (NO2) Concentration,ميكروجرام/ متر مكعب,µg/Nm3,الميناء,Seaport,صناعية,Industrial,2011,1.880443548387097
الفجيرة,Fujairah,تركيز ثاني أكسيد النيتروجين (NO2),Nitrogen Dioxide (NO2) Concentration,ميكروجرام/ متر مكعب,µg/Nm3,مرباح,Murbah,عمرانية / سكنية,Urban/Residential,2011,5.641330645161291
الفجيرة,Fujairah,تركيز ثاني أكسيد النيتروجين (NO2),Nitrogen Dioxide (NO2) Concentration,ميكروجرام/ متر مكعب,µg/Nm3,دبا,Diba,عمرانية / سكنية,Urban/Residential,2011,3.760887096774194
دبي,Dubai,تركيز ثاني أكسيد النيتروجين (NO2),Nitrogen Dioxide (NO2) Concentration,ميكروجرام/ متر مكعب,µg/Nm3,ديرة ,Deira,سكنية ,Residential,2012,-
دبي,Dubai,تركيز ثاني أكسيد النيتروجين (NO2),Nitrogen Dioxide (NO2) Concentration,ميكروجرام/ متر مكعب,µg/Nm3,الصفا ,Al Safa,سكنية ,Residential,2012,-
دبي,Dubai,تركيز ثاني أكسيد النيتروجين (NO2),Nitrogen Dioxide (NO2) Concentration,ميكروجرام/ متر مكعب,µg/Nm3,كرامة ,Karama,سكنية ,Residential,2012,-
دبي,Dubai,تركيز ثاني أكسيد النيتروجين (NO2),Nitrogen Dioxide (NO2) Concentration,ميكروجرام/ متر مكعب,µg/Nm3,قرية جبل علي ,J. Ali Village,سكنية ,Residential,2012,-
دبي,Dubai,تركيز ثاني أكسيد النيتروجين (NO2),Nitrogen Dioxide (NO2) Concentration,ميكروجرام/ متر مكعب,µg/Nm3,ميناء  جبل علي ,J. Ali Port,صناعية ,Industrial,2012,157.95725806451614
أبوظبي,Abu Dhabi  ,تركيز ثاني أكسيد النيتروجين (NO2),Nitrogen Dioxide (NO2) Concentration,ميكروجرام/ متر مكعب,µg/Nm3,شارع حمدان,Hamdan Street,جانب الطريق, Road Side,2007,41.8
أبوظبي,Abu Dhabi  ,تركيز ثاني أكسيد النيتروجين (NO2),Nitrogen Dioxide (NO2) Concentration,ميكروجرام/ متر مكعب,µg/Nm3,مدرسة خديجة ,Khadiejah   School,وسط المدينة,City Centre,2007,46.3
أبوظبي,Abu Dhabi  ,تركيز ثاني أكسيد النيتروجين (NO2),Nitrogen Dioxide (NO2) Concentration,ميكروجرام/ متر مكعب,µg/Nm3,مدرسة خليفة,Khalifah School,حضرية / سكنية,Urban/Residential,2007,31.1
أبوظبي,Abu Dhabi  ,تركيز ثاني أكسيد النيتروجين (NO2),Nitrogen Dioxide (NO2) Concentration,ميكروجرام/ متر مكعب,µg/Nm3,بني ياس,Bani Yas,حضرية / سكنية,Urban/Residential,2007,19
أبوظبي,Abu Dhabi  ,تركيز ثاني أكسيد النيتروجين (NO2),Nitrogen Dioxide (NO2) Concentration,ميكروجرام/ متر مكعب,µg/Nm3,مصفح,Mussafah,صناعية,Industrial,2007,39.5
أبوظبي,Abu Dhabi  ,تركيز ثاني أكسيد النيتروجين (NO2),Nitrogen Dioxide (NO2) Concentration,ميكروجرام/ متر مكعب,µg/Nm3,مدرسة العين ,Al - Ain School,حضرية / سكنية,Urban/Residential,2007,48.7
أبوظبي,Abu Dhabi  ,تركيز ثاني أكسيد النيتروجين (NO2),Nitrogen Dioxide (NO2) Concentration,ميكروجرام/ متر مكعب,µg/Nm3,شارع العين,Al - Ain Street,جانب الطريق, Road Side,2007,35.3
أبوظبي,Abu Dhabi  ,تركيز ثاني أكسيد النيتروجين (NO2),Nitrogen Dioxide (NO2) Concentration,ميكروجرام/ متر مكعب,µg/Nm3,بدع زايد,Bida Zayed,حضرية / سكنية,Urban/Residential,2007,14
أبوظبي,Abu Dhabi  ,تركيز ثاني أكسيد النيتروجين (NO2),Nitrogen Dioxide (NO2) Concentration,ميكروجرام/ متر مكعب,µg/Nm3, مدرسة غياثي,Gayathi School,وسط المدينة,City Centre,2007,10.4
أبوظبي,Abu Dhabi  ,تركيز ثاني أكسيد النيتروجين (NO2),Nitrogen Dioxide (NO2) Concentration,ميكروجرام/ متر مكعب,µg/Nm3, واحة ليوا,Liwa Oasis,نائية,Remote Area,2007,2.7
أبوظبي,Abu Dhabi  ,تركيز ثاني أكسيد النيتروجين (NO2),Nitrogen Dioxide (NO2) Concentration,ميكروجرام/ متر مكعب,µg/Nm3,شارع حمدان,Hamdan Street,جانب الطريق, Road Side,2008,21.2
أبوظبي,Abu Dhabi  ,تركيز ثاني أكسيد النيتروجين (NO2),Nitrogen Dioxide (NO2) Concentration,ميكروجرام/ متر مكعب,µg/Nm3,مدرسة خديجة ,Khadiejah   School,وسط المدينة,City Centre,2008,45.6
أبوظبي,Abu Dhabi  ,تركيز ثاني أكسيد النيتروجين (NO2),Nitrogen Dioxide (NO2) Concentration,ميكروجرام/ متر مكعب,µg/Nm3,مدرسة خليفة,Khalifah School,حضرية / سكنية,Urban/Residential,2008,42.4
أبوظبي,Abu Dhabi  ,تركيز ثاني أكسيد النيتروجين (NO2),Nitrogen Dioxide (NO2) Concentration,ميكروجرام/ متر مكعب,µg/Nm3,بني ياس,Bani Yas,حضرية / سكنية,Urban/Residential,2008,24.4
أبوظبي,Abu Dhabi  ,تركيز ثاني أكسيد النيتروجين (NO2),Nitrogen Dioxide (NO2) Concentration,ميكروجرام/ متر مكعب,µg/Nm3,مصفح,Mussafah,صناعية,Industrial,2008,46.1
أبوظبي,Abu Dhabi  ,تركيز ثاني أكسيد النيتروجين (NO2),Nitrogen Dioxide (NO2) Concentration,ميكروجرام/ متر مكعب,µg/Nm3,مدرسة العين ,Al - Ain School,حضرية / سكنية,Urban/Residential,2008,53.8
أبوظبي,Abu Dhabi  ,تركيز ثاني أكسيد النيتروجين (NO2),Nitrogen Dioxide (NO2) Concentration,ميكروجرام/ متر مكعب,µg/Nm3,شارع العين,Al - Ain Street,جانب الطريق, Road Side,2008,26.3
أبوظبي,Abu Dhabi  ,تركيز ثاني أكسيد النيتروجين (NO2),Nitrogen Dioxide (NO2) Concentration,ميكروجرام/ متر مكعب,µg/Nm3,بدع زايد,Bida Zayed,حضرية / سكنية,Urban/Residential,2008, …
أبوظبي,Abu Dhabi  ,تركيز ثاني أكسيد النيتروجين (NO2),Nitrogen Dioxide (NO2) Concentration,ميكروجرام/ متر مكعب,µg/Nm3, مدرسة غياثي,Gayathi School,وسط المدينة,City Centre,2008,13.2
أبوظبي,Abu Dhabi  ,تركيز ثاني أكسيد النيتروجين (NO2),Nitrogen Dioxide (NO2) Concentration,ميكروجرام/ متر مكعب,µg/Nm3, واحة ليوا,Liwa Oasis,نائية,Remote Area,2008,2.1
أبوظبي,Abu Dhabi  ,تركيز ثاني أكسيد النيتروجين (NO2),Nitrogen Dioxide (NO2) Concentration,ميكروجرام/ متر مكعب,µg/Nm3,شارع حمدان,Hamdan Street,جانب الطريق, Road Side,2009,49
أبوظبي,Abu Dhabi  ,تركيز ثاني أكسيد النيتروجين (NO2),Nitrogen Dioxide (NO2) Concentration,ميكروجرام/ متر مكعب,µg/Nm3,مدرسة خديجة ,Khadiejah   School,وسط المدينة,City Centre,2009,36
أبوظبي,Abu Dhabi  ,تركيز ثاني أكسيد النيتروجين (NO2),Nitrogen Dioxide (NO2) Concentration,ميكروجرام/ متر مكعب,µg/Nm3,مدرسة خليفة,Khalifah School,حضرية / سكنية,Urban/Residential,2009,41
أبوظبي,Abu Dhabi  ,تركيز ثاني أكسيد النيتروجين (NO2),Nitrogen Dioxide (NO2) Concentration,ميكروجرام/ متر مكعب,µg/Nm3,بني ياس,Bani Yas,حضرية / سكنية,Urban/Residential,2009,27
أبوظبي,Abu Dhabi  ,تركيز ثاني أكسيد النيتروجين (NO2),Nitrogen Dioxide (NO2) Concentration,ميكروجرام/ متر مكعب,µg/Nm3,مصفح,Mussafah,صناعية,Industrial,2009,53
أبوظبي,Abu Dhabi  ,تركيز ثاني أكسيد النيتروجين (NO2),Nitrogen Dioxide (NO2) Concentration,ميكروجرام/ متر مكعب,µg/Nm3,مدرسة العين ,Al - Ain School,حضرية / سكنية,Urban/Residential,2009, …
أبوظبي,Abu Dhabi  ,تركيز ثاني أكسيد النيتروجين (NO2),Nitrogen Dioxide (NO2) Concentration,ميكروجرام/ متر مكعب,µg/Nm3,شارع العين,Al - Ain Street,جانب الطريق, Road Side,2009,45
أبوظبي,Abu Dhabi  ,تركيز ثاني أكسيد النيتروجين (NO2),Nitrogen Dioxide (NO2) Concentration,ميكروجرام/ متر مكعب,µg/Nm3,بدع زايد,Bida Zayed,حضرية / سكنية,Urban/Residential,2009,16
أبوظبي,Abu Dhabi  ,تركيز ثاني أكسيد النيتروجين (NO2),Nitrogen Dioxide (NO2) Concentration,ميكروجرام/ متر مكعب,µg/Nm3, مدرسة غياثي,Gayathi School,وسط المدينة,City Centre,2009,17
أبوظبي,Abu Dhabi  ,تركيز ثاني أكسيد النيتروجين (NO2),Nitrogen Dioxide (NO2) Concentration,ميكروجرام/ متر مكعب,µg/Nm3, واحة ليوا,Liwa Oasis,نائية,Remote Area,2009,3
أبوظبي,Abu Dhabi  ,تركيز ثاني أكسيد النيتروجين (NO2),Nitrogen Dioxide (NO2) Concentration,ميكروجرام/ متر مكعب,µg/Nm3,شارع حمدان,Hamdan Street,جانب الطريق, Road Side,2010,59
أبوظبي,Abu Dhabi  ,تركيز ثاني أكسيد النيتروجين (NO2),Nitrogen Dioxide (NO2) Concentration,ميكروجرام/ متر مكعب,µg/Nm3,مدرسة خديجة ,Khadiejah   School,وسط المدينة,City Centre,2010,53
أبوظبي,Abu Dhabi  ,تركيز ثاني أكسيد النيتروجين (NO2),Nitrogen Dioxide (NO2) Concentration,ميكروجرام/ متر مكعب,µg/Nm3,مدرسة خليفة,Khalifah School,حضرية / سكنية,Urban/Residential,2010,40
أبوظبي,Abu Dhabi  ,تركيز ثاني أكسيد النيتروجين (NO2),Nitrogen Dioxide (NO2) Concentration,ميكروجرام/ متر مكعب,µg/Nm3,بني ياس,Bani Yas,حضرية / سكنية,Urban/Residential,2010,31
أبوظبي,Abu Dhabi  ,تركيز ثاني أكسيد النيتروجين (NO2),Nitrogen Dioxide (NO2) Concentration,ميكروجرام/ متر مكعب,µg/Nm3,مصفح,Mussafah,صناعية,Industrial,2010,59
أبوظبي,Abu Dhabi  ,تركيز ثاني أكسيد النيتروجين (NO2),Nitrogen Dioxide (NO2) Concentration,ميكروجرام/ متر مكعب,µg/Nm3,مدرسة العين ,Al - Ain School,حضرية / سكنية,Urban/Residential,2010,29
أبوظبي,Abu Dhabi  ,تركيز ثاني أكسيد النيتروجين (NO2),Nitrogen Dioxide (NO2) Concentration,ميكروجرام/ متر مكعب,µg/Nm3,شارع العين,Al - Ain Street,جانب الطريق, Road Side,2010,35
أبوظبي,Abu Dhabi  ,تركيز ثاني أكسيد النيتروجين (NO2),Nitrogen Dioxide (NO2) Concentration,ميكروجرام/ متر مكعب,µg/Nm3,بدع زايد,Bida Zayed,حضرية / سكنية,Urban/Residential,2010,17
أبوظبي,Abu Dhabi  ,تركيز ثاني أكسيد النيتروجين (NO2),Nitrogen Dioxide (NO2) Concentration,ميكروجرام/ متر مكعب,µg/Nm3, مدرسة غياثي,Gayathi School,وسط المدينة,City Centre,2010,11
أبوظبي,Abu Dhabi  ,تركيز ثاني أكسيد النيتروجين (NO2),Nitrogen Dioxide (NO2) Concentration,ميكروجرام/ متر مكعب,µg/Nm3, واحة ليوا,Liwa Oasis,نائية,Remote Area,2010,4
أبوظبي,Abu Dhabi  ,تركيز ثاني أكسيد النيتروجين (NO2),Nitrogen Dioxide (NO2) Concentration,ميكروجرام/ متر مكعب,µg/Nm3,شارع حمدان,Hamdan Street,جانب الطريق, Road Side,2011,46
أبوظبي,Abu Dhabi  ,تركيز ثاني أكسيد النيتروجين (NO2),Nitrogen Dioxide (NO2) Concentration,ميكروجرام/ متر مكعب,µg/Nm3,مدرسة خديجة ,Khadiejah   School,وسط المدينة,City Centre,2011,30
أبوظبي,Abu Dhabi  ,تركيز ثاني أكسيد النيتروجين (NO2),Nitrogen Dioxide (NO2) Concentration,ميكروجرام/ متر مكعب,µg/Nm3,مدرسة خليفة,Khalifah School,حضرية / سكنية,Urban/Residential,2011,29
أبوظبي,Abu Dhabi  ,تركيز ثاني أكسيد النيتروجين (NO2),Nitrogen Dioxide (NO2) Concentration,ميكروجرام/ متر مكعب,µg/Nm3,بني ياس,Bani Yas,حضرية / سكنية,Urban/Residential,2011,28
أبوظبي,Abu Dhabi  ,تركيز ثاني أكسيد النيتروجين (NO2),Nitrogen Dioxide (NO2) Concentration,ميكروجرام/ متر مكعب,µg/Nm3,مصفح,Mussafah,صناعية,Industrial,2011,50
أبوظبي,Abu Dhabi  ,تركيز ثاني أكسيد النيتروجين (NO2),Nitrogen Dioxide (NO2) Concentration,ميكروجرام/ متر مكعب,µg/Nm3,مدرسة العين ,Al - Ain School,حضرية / سكنية,Urban/Residential,2011,27
أبوظبي,Abu Dhabi  ,تركيز ثاني أكسيد النيتروجين (NO2),Nitrogen Dioxide (NO2) Concentration,ميكروجرام/ متر مكعب,µg/Nm3,شارع العين,Al - Ain Street,جانب الطريق, Road Side,2011,39
أبوظبي,Abu Dhabi  ,تركيز ثاني أكسيد النيتروجين (NO2),Nitrogen Dioxide (NO2) Concentration,ميكروجرام/ متر مكعب,µg/Nm3,بدع زايد,Bida Zayed,حضرية / سكنية,Urban/Residential,2011,17
أبوظبي,Abu Dhabi  ,تركيز ثاني أكسيد النيتروجين (NO2),Nitrogen Dioxide (NO2) Concentration,ميكروجرام/ متر مكعب,µg/Nm3, مدرسة غياثي,Gayathi School,وسط المدينة,City Centre,2011,13
أبوظبي,Abu Dhabi  ,تركيز ثاني أكسيد النيتروجين (NO2),Nitrogen Dioxide (NO2) Concentration,ميكروجرام/ متر مكعب,µg/Nm3, واحة ليوا,Liwa Oasis,نائية,Remote Area,2011,4
أبوظبي,Abu Dhabi  ,تركيز ثاني أكسيد النيتروجين (NO2),Nitrogen Dioxide (NO2) Concentration,ميكروجرام/ متر مكعب,µg/Nm3,شارع حمدان,Hamdan Street,جانب الطريق, Road Side,2012,46
أبوظبي,Abu Dhabi  ,تركيز ثاني أكسيد النيتروجين (NO2),Nitrogen Dioxide (NO2) Concentration,ميكروجرام/ متر مكعب,µg/Nm3,مدرسة خديجة ,Khadiejah   School,وسط المدينة,City Centre,2012,33
أبوظبي,Abu Dhabi  ,تركيز ثاني أكسيد النيتروجين (NO2),Nitrogen Dioxide (NO2) Concentration,ميكروجرام/ متر مكعب,µg/Nm3,مدرسة خليفة,Khalifah School,حضرية / سكنية,Urban/Residential,2012,33
أبوظبي,Abu Dhabi  ,تركيز ثاني أكسيد النيتروجين (NO2),Nitrogen Dioxide (NO2) Concentration,ميكروجرام/ متر مكعب,µg/Nm3,بني ياس,Bani Yas,حضرية / سكنية,Urban/Residential,2012,29
أبوظبي,Abu Dhabi  ,تركيز ثاني أكسيد النيتروجين (NO2),Nitrogen Dioxide (NO2) Concentration,ميكروجرام/ متر مكعب,µg/Nm3,مصفح,Mussafah,صناعية,Industrial,2012,43
أبوظبي,Abu Dhabi  ,تركيز ثاني أكسيد النيتروجين (NO2),Nitrogen Dioxide (NO2) Concentration,ميكروجرام/ متر مكعب,µg/Nm3,مدرسة العين ,Al - Ain School,حضرية / سكنية,Urban/Residential,2012,27
أبوظبي,Abu Dhabi  ,تركيز ثاني أكسيد النيتروجين (NO2),Nitrogen Dioxide (NO2) Concentration,ميكروجرام/ متر مكعب,µg/Nm3,شارع العين,Al - Ain Street,جانب الطريق, Road Side,2012,36
أبوظبي,Abu Dhabi  ,تركيز ثاني أكسيد النيتروجين (NO2),Nitrogen Dioxide (NO2) Concentration,ميكروجرام/ متر مكعب,µg/Nm3,بدع زايد,Bida Zayed,حضرية / سكنية,Urban/Residential,2012,22
أبوظبي,Abu Dhabi  ,تركيز ثاني أكسيد النيتروجين (NO2),Nitrogen Dioxide (NO2) Concentration,ميكروجرام/ متر مكعب,µg/Nm3, مدرسة غياثي,Gayathi School,وسط المدينة,City Centre,2012,13
أبوظبي,Abu Dhabi  ,تركيز ثاني أكسيد النيتروجين (NO2),Nitrogen Dioxide (NO2) Concentration,ميكروجرام/ متر مكعب,µg/Nm3, واحة ليوا,Liwa Oasis,نائية,Remote Area,2012,3
أبوظبي,Abu Dhabi  ,تركيز ثاني أكسيد النيتروجين (NO2),Nitrogen Dioxide (NO2) Concentration,ميكروجرام/متر مكعب, µg/m³,شارع حمدان,Hamdan Street,جانب الطريق,Traffic,2013,57
أبوظبي,Abu Dhabi  ,تركيز ثاني أكسيد النيتروجين (NO2),Nitrogen Dioxide (NO2) Concentration,ميكروجرام/متر مكعب, µg/m³,مدرسة خديجة,Khadejah School,وسط المدينة ,Down Town,2013,35
أبوظبي,Abu Dhabi  ,تركيز ثاني أكسيد النيتروجين (NO2),Nitrogen Dioxide (NO2) Concentration,ميكروجرام/متر مكعب, µg/m³,مدرسة خليفة,Khalifa School,حضرية/ سكنية,Urban/Residential,2013,30
أبوظبي,Abu Dhabi  ,تركيز ثاني أكسيد النيتروجين (NO2),Nitrogen Dioxide (NO2) Concentration,ميكروجرام/متر مكعب, µg/m³,المقطع,Al Maqta,حضرية/ سكنية,Urban/Residential,2013,31
أبوظبي,Abu Dhabi  ,تركيز ثاني أكسيد النيتروجين (NO2),Nitrogen Dioxide (NO2) Concentration,ميكروجرام/متر مكعب, µg/m³,مدينة خليفة أ,Khalifa City A, حضرية/ سكنية,Urban/Residential,2013,26
أبوظبي,Abu Dhabi  ,تركيز ثاني أكسيد النيتروجين (NO2),Nitrogen Dioxide (NO2) Concentration,ميكروجرام/متر مكعب, µg/m³,مدرسة بني ياس,Baniyas School,حضرية/ سكنية,Urban/Residential,2013,31
أبوظبي,Abu Dhabi  ,تركيز ثاني أكسيد النيتروجين (NO2),Nitrogen Dioxide (NO2) Concentration,ميكروجرام/متر مكعب, µg/m³,مصفح,Mussafah ,صناعية  ,Industrial,2013,50
أبوظبي,Abu Dhabi  ,تركيز ثاني أكسيد النيتروجين (NO2),Nitrogen Dioxide (NO2) Concentration,ميكروجرام/متر مكعب, µg/m³,المفرق,Al Mafraq,صناعية,Industrial,2013,41
أبوظبي,Abu Dhabi  ,تركيز ثاني أكسيد النيتروجين (NO2),Nitrogen Dioxide (NO2) Concentration,ميكروجرام/متر مكعب, µg/m³, شارع العين,Al Ain Street,جانب الطريق,Traffic,2013,42
أبوظبي,Abu Dhabi  ,تركيز ثاني أكسيد النيتروجين (NO2),Nitrogen Dioxide (NO2) Concentration,ميكروجرام/متر مكعب, µg/m³,مدرسة العين,Al Ain Islamic Institute,حضرية/ سكنية,Urban/Residential,2013,29
أبوظبي,Abu Dhabi  ,تركيز ثاني أكسيد النيتروجين (NO2),Nitrogen Dioxide (NO2) Concentration,ميكروجرام/متر مكعب, µg/m³,الطوية,Al Tawia,حضرية/ سكنية,Urban/Residential,2013,18
أبوظبي,Abu Dhabi  ,تركيز ثاني أكسيد النيتروجين (NO2),Nitrogen Dioxide (NO2) Concentration,ميكروجرام/متر مكعب, µg/m³,زاخر,Zakher , حضرية/ سكنية,Urban/Residential,2013,20
أبوظبي,Abu Dhabi  ,تركيز ثاني أكسيد النيتروجين (NO2),Nitrogen Dioxide (NO2) Concentration,ميكروجرام/متر مكعب, µg/m³,سويحان,Sweihan,حضرية/ سكنية,Urban/Residential,2013,10
أبوظبي,Abu Dhabi  ,تركيز ثاني أكسيد النيتروجين (NO2),Nitrogen Dioxide (NO2) Concentration,ميكروجرام/متر مكعب, µg/m³,القوع,Al Qua'a,ريفية/ سكنية,Residential,2013,4
أبوظبي,Abu Dhabi  ,تركيز ثاني أكسيد النيتروجين (NO2),Nitrogen Dioxide (NO2) Concentration,ميكروجرام/متر مكعب, µg/m³,طريق أبوظبي - طريف السريع,Abu Dhabi- Tarif Road,جانب الطريق,Traffic,2013,-
أبوظبي,Abu Dhabi  ,تركيز ثاني أكسيد النيتروجين (NO2),Nitrogen Dioxide (NO2) Concentration,ميكروجرام/متر مكعب, µg/m³, بدع زايد,Bida Zayed ,حضرية/ سكنية,Urban/Residential,2013,20
أبوظبي,Abu Dhabi  ,تركيز ثاني أكسيد النيتروجين (NO2),Nitrogen Dioxide (NO2) Concentration,ميكروجرام/متر مكعب, µg/m³,حبشان,Habshan South ,ريفية/ سكنية,Residential,2013,13
أبوظبي,Abu Dhabi  ,تركيز ثاني أكسيد النيتروجين (NO2),Nitrogen Dioxide (NO2) Concentration,ميكروجرام/متر مكعب, µg/m³,الرويس,Ruwais ,صناعية  ,Industrial,2013,-
أبوظبي,Abu Dhabi  ,تركيز ثاني أكسيد النيتروجين (NO2),Nitrogen Dioxide (NO2) Concentration,ميكروجرام/متر مكعب, µg/m³,مدرسة غياثي,Gayathi School,وسط المدينة,Down Town,2013,13
أبوظبي,Abu Dhabi  ,تركيز ثاني أكسيد النيتروجين (NO2),Nitrogen Dioxide (NO2) Concentration,ميكروجرام/متر مكعب, µg/m³,واحة ليوا,Liwa Oasis,نائية,Remote Area,2013,3
دبي,Dubai,تركيز ثاني أكسيد النيتروجين (NO2),Nitrogen Dioxide (NO2) Concentration,ميكروجرام/متر مكعب, µg/m³,ديرة ,Deira,سكنية-تجارية,Residential-Commercial,2013,90.261
دبي,Dubai,تركيز ثاني أكسيد النيتروجين (NO2),Nitrogen Dioxide (NO2) Concentration,ميكروجرام/متر مكعب, µg/m³,الكرامة,Karama,سكنية-تجارية,Residential-Commercial,2013,95.902
دبي,Dubai,تركيز ثاني أكسيد النيتروجين (NO2),Nitrogen Dioxide (NO2) Concentration,ميكروجرام/متر مكعب, µg/m³,حديقة زعبيل,Zabeel Park,حديقة,Park,2013,41.369
دبي,Dubai,تركيز ثاني أكسيد النيتروجين (NO2),Nitrogen Dioxide (NO2) Concentration,ميكروجرام/متر مكعب, µg/m³,قرية جبل علي ,Jebel Ali Village,سكنية,Residential,2013,77.098
دبي,Dubai,تركيز ثاني أكسيد النيتروجين (NO2),Nitrogen Dioxide (NO2) Concentration,ميكروجرام/متر مكعب, µg/m³,تلال الإمارات,Emirates Hills,سكنية,Residential,2013,78.978
دبي,Dubai,تركيز ثاني أكسيد النيتروجين (NO2),Nitrogen Dioxide (NO2) Concentration,ميكروجرام/متر مكعب, µg/m³,مطار دبي,Dubai Airport,سكنية,Airport,2013,67.695
دبي,Dubai,تركيز ثاني أكسيد النيتروجين (NO2),Nitrogen Dioxide (NO2) Concentration,ميكروجرام/متر مكعب, µg/m³,المشرف,Mushrif,حديقة,Park,2013,94.021
دبي,Dubai,تركيز ثاني أكسيد النيتروجين (NO2),Nitrogen Dioxide (NO2) Concentration,ميكروجرام/متر مكعب, µg/m³,حتا,Hatta,نائية,Remote Area,2013,67.695
دبي,Dubai,تركيز ثاني أكسيد النيتروجين (NO2),Nitrogen Dioxide (NO2) Concentration,ميكروجرام/متر مكعب, µg/m³,ميناء جبل علي,Jebel Ali Port,صناعية  ,Industrial,2013,133.51
دبي,Dubai,تركيز ثاني أكسيد النيتروجين (NO2),Nitrogen Dioxide (NO2) Concentration,ميكروجرام/متر مكعب, µg/m³,ورسان ,Warsan,صناعية  ,Industrial,2013,92.141
دبي,Dubai,تركيز ثاني أكسيد النيتروجين (NO2),Nitrogen Dioxide (NO2) Concentration,ميكروجرام/متر مكعب, µg/m³,شارع الشيخ زايد,Shk. Zayed Road,جانب الطريق,Traffic,2013,90.261
دبي,Dubai,تركيز ثاني أكسيد النيتروجين (NO2),Nitrogen Dioxide (NO2) Concentration,ميكروجرام/متر مكعب, µg/m³,شارع الشيخ محمد بن زايد,Sheikh Mohd. Bin Zayed Rd.,جانب الطريق,Traffic,2013,43.25
الشارقة,Sharjah,تركيز ثاني أكسيد النيتروجين (NO2),Nitrogen Dioxide (NO2) Concentration,ميكروجرام/متر مكعب, µg/m³,الحمرية,Al hummariah,صناعية ,Industrial ,2013,56.65664388766678
الشارقة,Sharjah,تركيز ثاني أكسيد النيتروجين (NO2),Nitrogen Dioxide (NO2) Concentration,ميكروجرام/متر مكعب, µg/m³,كلباء,Kalba,سكنية ,Residential,2013,23.12863863707567
عجمان ,Ajman,تركيز ثاني أكسيد النيتروجين (NO2),Nitrogen Dioxide (NO2) Concentration,ميكروجرام/متر مكعب, µg/m³,الحميدية,Al hamediah ,سكنية ,Residential,2013,50.92736423731119
عجمان ,Ajman,تركيز ثاني أكسيد النيتروجين (NO2),Nitrogen Dioxide (NO2) Concentration,ميكروجرام/متر مكعب, µg/m³,مشيرف,Musharif,سكنية ,Residential,2013,52.736261371702874
رأس الخيمة ,Ras Al-Khaimah ,تركيز ثاني أكسيد النيتروجين (NO2),Nitrogen Dioxide (NO2) Concentration,ميكروجرام/متر مكعب, µg/m³,الجير,Al Jeer,سكنية ,Residential,2013,28.693595656788702
رأس الخيمة ,Ras Al-Khaimah ,تركيز ثاني أكسيد النيتروجين (NO2),Nitrogen Dioxide (NO2) Concentration,ميكروجرام/متر مكعب, µg/m³,البريرات,Al Burairat,سكنية ,Residential,2013,31.157609689686808
رأس الخيمة ,Ras Al-Khaimah ,تركيز ثاني أكسيد النيتروجين (NO2),Nitrogen Dioxide (NO2) Concentration,ميكروجرام/متر مكعب, µg/m³,القاسمية,AL Qasmiah,سكنية ,Residential,2013,39.778448967574505
رأس الخيمة ,Ras Al-Khaimah ,تركيز ثاني أكسيد النيتروجين (NO2),Nitrogen Dioxide (NO2) Concentration,ميكروجرام/متر مكعب, µg/m³,غليلة,Ghalilah,سكنية ,Residential,2013,47.981269361471014
أبوظبي,Abu Dhabi  ,تركيز ثاني أكسيد النيتروجين (NO2),Nitrogen Dioxide (NO2) Concentration,ميكروجرام/متر مكعب, µg/m³,شارع حمدان,Hamdan Street,جانب الطريق,Traffic,2014,47.711928327645055
أبوظبي,Abu Dhabi  ,تركيز ثاني أكسيد النيتروجين (NO2),Nitrogen Dioxide (NO2) Concentration,ميكروجرام/متر مكعب, µg/m³,مدرسة خديجة,Khadejah School,وسط المدينة ,Down Town,2014,28.752064864864867
أبوظبي,Abu Dhabi  ,تركيز ثاني أكسيد النيتروجين (NO2),Nitrogen Dioxide (NO2) Concentration,ميكروجرام/متر مكعب, µg/m³,مدرسة خليفة,Khalifa School,حضرية/ سكنية,Urban/Residential,2014,27.80239852398525
أبوظبي,Abu Dhabi  ,تركيز ثاني أكسيد النيتروجين (NO2),Nitrogen Dioxide (NO2) Concentration,ميكروجرام/متر مكعب, µg/m³,المقطع,Al Maqta,حضرية/ سكنية,Urban/Residential,2014,42.023625429553256
أبوظبي,Abu Dhabi  ,تركيز ثاني أكسيد النيتروجين (NO2),Nitrogen Dioxide (NO2) Concentration,ميكروجرام/متر مكعب, µg/m³,مدينة خليفة أ,Khalifa City A, حضرية/ سكنية,Urban/Residential,2014,34.73604729729728
أبوظبي,Abu Dhabi  ,تركيز ثاني أكسيد النيتروجين (NO2),Nitrogen Dioxide (NO2) Concentration,ميكروجرام/متر مكعب, µg/m³,مدرسة بني ياس,Baniyas School,حضرية/ سكنية,Urban/Residential,2014,32.51128104575162
أبوظبي,Abu Dhabi  ,تركيز ثاني أكسيد النيتروجين (NO2),Nitrogen Dioxide (NO2) Concentration,ميكروجرام/متر مكعب, µg/m³,مصفح,Mussafah ,صناعية  ,Industrial,2014,53.31269003690038
أبوظبي,Abu Dhabi  ,تركيز ثاني أكسيد النيتروجين (NO2),Nitrogen Dioxide (NO2) Concentration,ميكروجرام/متر مكعب, µg/m³,المفرق,Al Mafraq,صناعية,Industrial,2014,49.81444868035188
أبوظبي,Abu Dhabi  ,تركيز ثاني أكسيد النيتروجين (NO2),Nitrogen Dioxide (NO2) Concentration,ميكروجرام/متر مكعب, µg/m³, شارع العين,Al Ain Street,جانب الطريق,Traffic,2014,52.04962631578948
أبوظبي,Abu Dhabi  ,تركيز ثاني أكسيد النيتروجين (NO2),Nitrogen Dioxide (NO2) Concentration,ميكروجرام/متر مكعب, µg/m³,مدرسة العين,Al Ain Islamic Institute,حضرية/ سكنية,Urban/Residential,2014,36.277988372093
أبوظبي,Abu Dhabi  ,تركيز ثاني أكسيد النيتروجين (NO2),Nitrogen Dioxide (NO2) Concentration,ميكروجرام/متر مكعب, µg/m³,الطوية,Al Tawia,حضرية/ سكنية,Urban/Residential,2014,20.541775147928984
أبوظبي,Abu Dhabi  ,تركيز ثاني أكسيد النيتروجين (NO2),Nitrogen Dioxide (NO2) Concentration,ميكروجرام/متر مكعب, µg/m³,زاخر,Zakher , حضرية/ سكنية,Urban/Residential,2014,28.372860215053773
أبوظبي,Abu Dhabi  ,تركيز ثاني أكسيد النيتروجين (NO2),Nitrogen Dioxide (NO2) Concentration,ميكروجرام/متر مكعب, µg/m³,سويحان,Sweihan,حضرية/ سكنية,Urban/Residential,2014,15.119162544169617
أبوظبي,Abu Dhabi  ,تركيز ثاني أكسيد النيتروجين (NO2),Nitrogen Dioxide (NO2) Concentration,ميكروجرام/متر مكعب, µg/m³,القوع,Al Qua'a,ريفية/ سكنية,Residential,2014,6.4756236162361605
أبوظبي,Abu Dhabi  ,تركيز ثاني أكسيد النيتروجين (NO2),Nitrogen Dioxide (NO2) Concentration,ميكروجرام/متر مكعب, µg/m³,طريق أبوظبي - طريف السريع,Abu Dhabi- Tarif Road,جانب الطريق,Traffic,2014,26.388541176470575
أبوظبي,Abu Dhabi  ,تركيز ثاني أكسيد النيتروجين (NO2),Nitrogen Dioxide (NO2) Concentration,ميكروجرام/متر مكعب, µg/m³, بدع زايد,Bida Zayed ,حضرية/ سكنية,Urban/Residential,2014,16.950263665594854
أبوظبي,Abu Dhabi  ,تركيز ثاني أكسيد النيتروجين (NO2),Nitrogen Dioxide (NO2) Concentration,ميكروجرام/متر مكعب, µg/m³,حبشان,Habshan South ,ريفية/ سكنية,Residential,2014,17.246340782122886
أبوظبي,Abu Dhabi  ,تركيز ثاني أكسيد النيتروجين (NO2),Nitrogen Dioxide (NO2) Concentration,ميكروجرام/متر مكعب, µg/m³,الرويس,Ruwais ,صناعية  ,Industrial,2014,28.691362500000007
أبوظبي,Abu Dhabi  ,تركيز ثاني أكسيد النيتروجين (NO2),Nitrogen Dioxide (NO2) Concentration,ميكروجرام/متر مكعب, µg/m³,مدرسة غياثي,Gayathi School,وسط المدينة,Down Town,2014,16.786968051118208
أبوظبي,Abu Dhabi  ,تركيز ثاني أكسيد النيتروجين (NO2),Nitrogen Dioxide (NO2) Concentration,ميكروجرام/متر مكعب, µg/m³,واحة ليوا,Liwa Oasis,نائية,Remote Area,2014,4.648423423423424
دبي,Dubai,تركيز ثاني أكسيد النيتروجين (NO2),Nitrogen Dioxide (NO2) Concentration,ميكروجرام/متر مكعب, µg/m³,ديرة ,Deira,سكنية-تجارية,Residential-Commercial,2014,52.652
دبي,Dubai,تركيز ثاني أكسيد النيتروجين (NO2),Nitrogen Dioxide (NO2) Concentration,ميكروجرام/متر مكعب, µg/m³,الكرامة,Karama,سكنية-تجارية,Residential-Commercial,2014,52.652
دبي,Dubai,تركيز ثاني أكسيد النيتروجين (NO2),Nitrogen Dioxide (NO2) Concentration,ميكروجرام/متر مكعب, µg/m³,حديقة زعبيل,Zabeel Park,حديقة,Park,2014,41.369
دبي,Dubai,تركيز ثاني أكسيد النيتروجين (NO2),Nitrogen Dioxide (NO2) Concentration,ميكروجرام/متر مكعب, µg/m³,قرية جبل علي ,Jebel Ali Village,سكنية,Residential,2014,47.011
دبي,Dubai,تركيز ثاني أكسيد النيتروجين (NO2),Nitrogen Dioxide (NO2) Concentration,ميكروجرام/متر مكعب, µg/m³,تلال الإمارات,Emirates Hills,سكنية,Residential,2014,39.489
دبي,Dubai,تركيز ثاني أكسيد النيتروجين (NO2),Nitrogen Dioxide (NO2) Concentration,ميكروجرام/متر مكعب, µg/m³,مطار دبي,Dubai Airport,سكنية,Airport,2014,65.815
دبي,Dubai,تركيز ثاني أكسيد النيتروجين (NO2),Nitrogen Dioxide (NO2) Concentration,ميكروجرام/متر مكعب, µg/m³,المشرف,Mushrif,حديقة,Park,2014,45.13
دبي,Dubai,تركيز ثاني أكسيد النيتروجين (NO2),Nitrogen Dioxide (NO2) Concentration,ميكروجرام/متر مكعب, µg/m³,حتا,Hatta,نائية,Remote Area,2014,33.848
دبي,Dubai,تركيز ثاني أكسيد النيتروجين (NO2),Nitrogen Dioxide (NO2) Concentration,ميكروجرام/متر مكعب, µg/m³,ميناء جبل علي,Jebel Ali Port,صناعية  ,Industrial,2014,58.293
دبي,Dubai,تركيز ثاني أكسيد النيتروجين (NO2),Nitrogen Dioxide (NO2) Concentration,ميكروجرام/متر مكعب, µg/m³,ورسان ,Warsan,صناعية  ,Industrial,2014,20.685
دبي,Dubai,تركيز ثاني أكسيد النيتروجين (NO2),Nitrogen Dioxide (NO2) Concentration,ميكروجرام/متر مكعب, µg/m³,شارع الشيخ زايد,Shk. Zayed Road,جانب الطريق,Traffic,2014,80.858
دبي,Dubai,تركيز ثاني أكسيد النيتروجين (NO2),Nitrogen Dioxide (NO2) Concentration,ميكروجرام/متر مكعب, µg/m³,شارع الشيخ محمد بن زايد,Sheikh Mohd. Bin Zayed Rd.,جانب الطريق,Traffic,2014,52.652
الشارقة,Sharjah,تركيز ثاني أكسيد النيتروجين (NO2),Nitrogen Dioxide (NO2) Concentration,ميكروجرام/متر مكعب, µg/m³,الحمرية,Al hummariah,صناعية ,Industrial ,2014,30.73749959438106
الشارقة,Sharjah,تركيز ثاني أكسيد النيتروجين (NO2),Nitrogen Dioxide (NO2) Concentration,ميكروجرام/متر مكعب, µg/m³,كلباء,Kalba,سكنية ,Residential,2014,25.354702392614985
عجمان ,Ajman,تركيز ثاني أكسيد النيتروجين (NO2),Nitrogen Dioxide (NO2) Concentration,ميكروجرام/متر مكعب, µg/m³,الحميدية,Al hamediah ,سكنية ,Residential,2014,54.349040410680374
عجمان ,Ajman,تركيز ثاني أكسيد النيتروجين (NO2),Nitrogen Dioxide (NO2) Concentration,ميكروجرام/متر مكعب, µg/m³,مشيرف,Musharif,سكنية ,Residential,2014,55.07969083049534
رأس الخيمة ,Ras Al-Khaimah ,تركيز ثاني أكسيد النيتروجين (NO2),Nitrogen Dioxide (NO2) Concentration,ميكروجرام/متر مكعب, µg/m³,الجير,Al Jeer,سكنية ,Residential,2014,33.12776677297249
رأس الخيمة ,Ras Al-Khaimah ,تركيز ثاني أكسيد النيتروجين (NO2),Nitrogen Dioxide (NO2) Concentration,ميكروجرام/متر مكعب, µg/m³,البريرات,Al Burairat,سكنية ,Residential,2014,36.44673120406731
رأس الخيمة ,Ras Al-Khaimah ,تركيز ثاني أكسيد النيتروجين (NO2),Nitrogen Dioxide (NO2) Concentration,ميكروجرام/متر مكعب, µg/m³,القاسمية,AL Qasmiah,سكنية ,Residential,2014,49.60821014828051
رأس الخيمة ,Ras Al-Khaimah ,تركيز ثاني أكسيد النيتروجين (NO2),Nitrogen Dioxide (NO2) Concentration,ميكروجرام/متر مكعب, µg/m³,غليلة,Ghalilah,سكنية ,Residential,2014,46.37225597766291
أبوظبي,Abu Dhabi  ,تركيز ثاني أكسيد النيتروجين (NO2),Nitrogen Dioxide (NO2) Concentration,ميكروجرام/متر مكعب, µg/m³,شارع حمدان,Hamdan Street,جانب الطريق,Traffic,2015,49.908652
أبوظبي,Abu Dhabi  ,تركيز ثاني أكسيد النيتروجين (NO2),Nitrogen Dioxide (NO2) Concentration,ميكروجرام/متر مكعب, µg/m³,مدرسة خديجة,Khadejah School,وسط المدينة ,Down Town,2015,35.727638
أبوظبي,Abu Dhabi  ,تركيز ثاني أكسيد النيتروجين (NO2),Nitrogen Dioxide (NO2) Concentration,ميكروجرام/متر مكعب, µg/m³,مدرسة خليفة,Khalifa School,حضرية/ سكنية,Urban/Residential,2015,28.259874
أبوظبي,Abu Dhabi  ,تركيز ثاني أكسيد النيتروجين (NO2),Nitrogen Dioxide (NO2) Concentration,ميكروجرام/متر مكعب, µg/m³,المقطع,Al Maqta,حضرية/ سكنية,Urban/Residential,2015,36.874784
أبوظبي,Abu Dhabi  ,تركيز ثاني أكسيد النيتروجين (NO2),Nitrogen Dioxide (NO2) Concentration,ميكروجرام/متر مكعب, µg/m³,مدينة خليفة أ,Khalifa City A, حضرية/ سكنية,Urban/Residential,2015,25.44351
أبوظبي,Abu Dhabi  ,تركيز ثاني أكسيد النيتروجين (NO2),Nitrogen Dioxide (NO2) Concentration,ميكروجرام/متر مكعب, µg/m³,مدرسة بني ياس,Baniyas School,حضرية/ سكنية,Urban/Residential,2015,30.73055
أبوظبي,Abu Dhabi  ,تركيز ثاني أكسيد النيتروجين (NO2),Nitrogen Dioxide (NO2) Concentration,ميكروجرام/متر مكعب, µg/m³,مصفح,Mussafah ,صناعية  ,Industrial,2015,49.784599
أبوظبي,Abu Dhabi  ,تركيز ثاني أكسيد النيتروجين (NO2),Nitrogen Dioxide (NO2) Concentration,ميكروجرام/متر مكعب, µg/m³,المفرق,Al Mafraq,صناعية,Industrial,2015,47.653056
أبوظبي,Abu Dhabi  ,تركيز ثاني أكسيد النيتروجين (NO2),Nitrogen Dioxide (NO2) Concentration,ميكروجرام/متر مكعب, µg/m³, شارع العين,Al Ain Street,جانب الطريق,Traffic,2015,41.972826
أبوظبي,Abu Dhabi  ,تركيز ثاني أكسيد النيتروجين (NO2),Nitrogen Dioxide (NO2) Concentration,ميكروجرام/متر مكعب, µg/m³,مدرسة العين,Al Ain Islamic Institute,حضرية/ سكنية,Urban/Residential,2015,34.346547
أبوظبي,Abu Dhabi  ,تركيز ثاني أكسيد النيتروجين (NO2),Nitrogen Dioxide (NO2) Concentration,ميكروجرام/متر مكعب, µg/m³,الطوية,Al Tawia,حضرية/ سكنية,Urban/Residential,2015,25.220377
أبوظبي,Abu Dhabi  ,تركيز ثاني أكسيد النيتروجين (NO2),Nitrogen Dioxide (NO2) Concentration,ميكروجرام/متر مكعب, µg/m³,زاخر,Zakher , حضرية/ سكنية,Urban/Residential,2015,31.548281
أبوظبي,Abu Dhabi  ,تركيز ثاني أكسيد النيتروجين (NO2),Nitrogen Dioxide (NO2) Concentration,ميكروجرام/متر مكعب, µg/m³,سويحان,Sweihan,حضرية/ سكنية,Urban/Residential,2015,13.795414
أبوظبي,Abu Dhabi  ,تركيز ثاني أكسيد النيتروجين (NO2),Nitrogen Dioxide (NO2) Concentration,ميكروجرام/متر مكعب, µg/m³,القوع,Al Qua'a,ريفية/ سكنية,Residential,2015,4.942472
أبوظبي,Abu Dhabi  ,تركيز ثاني أكسيد النيتروجين (NO2),Nitrogen Dioxide (NO2) Concentration,ميكروجرام/متر مكعب, µg/m³,طريق أبوظبي - طريف السريع,Abu Dhabi- Tarif Road,جانب الطريق,Traffic,2015,-
أبوظبي,Abu Dhabi  ,تركيز ثاني أكسيد النيتروجين (NO2),Nitrogen Dioxide (NO2) Concentration,ميكروجرام/متر مكعب, µg/m³, بدع زايد,Bida Zayed ,حضرية/ سكنية,Urban/Residential,2015,16.495304
أبوظبي,Abu Dhabi  ,تركيز ثاني أكسيد النيتروجين (NO2),Nitrogen Dioxide (NO2) Concentration,ميكروجرام/متر مكعب, µg/m³,حبشان,Habshan South ,ريفية/ سكنية,Residential,2015,13.843938
أبوظبي,Abu Dhabi  ,تركيز ثاني أكسيد النيتروجين (NO2),Nitrogen Dioxide (NO2) Concentration,ميكروجرام/متر مكعب, µg/m³,الرويس,Ruwais ,صناعية  ,Industrial,2015,25.609025
أبوظبي,Abu Dhabi  ,تركيز ثاني أكسيد النيتروجين (NO2),Nitrogen Dioxide (NO2) Concentration,ميكروجرام/متر مكعب, µg/m³,مدرسة غياثي,Gayathi School,وسط المدينة,Down Town,2015,15.581766
أبوظبي,Abu Dhabi  ,تركيز ثاني أكسيد النيتروجين (NO2),Nitrogen Dioxide (NO2) Concentration,ميكروجرام/متر مكعب, µg/m³,واحة ليوا,Liwa Oasis,نائية,Remote Area,2015,3.779357
دبي,Dubai,تركيز ثاني أكسيد النيتروجين (NO2),Nitrogen Dioxide (NO2) Concentration,ميكروجرام/متر مكعب, µg/m³,ديرة ,Deira,سكنية-تجارية,Residential-Commercial,2015,41.30484
دبي,Dubai,تركيز ثاني أكسيد النيتروجين (NO2),Nitrogen Dioxide (NO2) Concentration,ميكروجرام/متر مكعب, µg/m³,الكرامة,Karama,سكنية-تجارية,Residential-Commercial,2015,61.910004
دبي,Dubai,تركيز ثاني أكسيد النيتروجين (NO2),Nitrogen Dioxide (NO2) Concentration,ميكروجرام/متر مكعب, µg/m³,حديقة زعبيل,Zabeel Park,حديقة,Park,2015,53.448431
دبي,Dubai,تركيز ثاني أكسيد النيتروجين (NO2),Nitrogen Dioxide (NO2) Concentration,ميكروجرام/متر مكعب, µg/m³,قرية جبل علي ,Jebel Ali Village,سكنية,Residential,2015,40.719358
دبي,Dubai,تركيز ثاني أكسيد النيتروجين (NO2),Nitrogen Dioxide (NO2) Concentration,ميكروجرام/متر مكعب, µg/m³,تلال الإمارات,Emirates Hills,سكنية,Residential,2015,57.781271
دبي,Dubai,تركيز ثاني أكسيد النيتروجين (NO2),Nitrogen Dioxide (NO2) Concentration,ميكروجرام/متر مكعب, µg/m³,مطار دبي,Dubai Airport,سكنية,Airport,2015,68.781627
دبي,Dubai,تركيز ثاني أكسيد النيتروجين (NO2),Nitrogen Dioxide (NO2) Concentration,ميكروجرام/متر مكعب, µg/m³,المشرف,Mushrif,حديقة,Park,2015,64.821281
دبي,Dubai,تركيز ثاني أكسيد النيتروجين (NO2),Nitrogen Dioxide (NO2) Concentration,ميكروجرام/متر مكعب, µg/m³,حتا,Hatta,نائية,Remote Area,2015,30.605964
دبي,Dubai,تركيز ثاني أكسيد النيتروجين (NO2),Nitrogen Dioxide (NO2) Concentration,ميكروجرام/متر مكعب, µg/m³,ميناء جبل علي,Jebel Ali Port,صناعية  ,Industrial,2015,88.750848
دبي,Dubai,تركيز ثاني أكسيد النيتروجين (NO2),Nitrogen Dioxide (NO2) Concentration,ميكروجرام/متر مكعب, µg/m³,ورسان ,Warsan,صناعية  ,Industrial,2015,31.921908
دبي,Dubai,تركيز ثاني أكسيد النيتروجين (NO2),Nitrogen Dioxide (NO2) Concentration,ميكروجرام/متر مكعب, µg/m³,شارع الشيخ زايد,Shk. Zayed Road,جانب الطريق,Traffic,2015,88.354112
دبي,Dubai,تركيز ثاني أكسيد النيتروجين (NO2),Nitrogen Dioxide (NO2) Concentration,ميكروجرام/متر مكعب, µg/m³,شارع الشيخ محمد بن زايد,Sheikh Mohd. Bin Zayed Rd.,جانب الطريق,Traffic,2015,63.195767
الشارقة,Sharjah,تركيز ثاني أكسيد النيتروجين (NO2),Nitrogen Dioxide (NO2) Concentration,ميكروجرام/متر مكعب, µg/m³,الحمرية,Al hummariah,صناعية ,Industrial ,2015,54.778771
الشارقة,Sharjah,تركيز ثاني أكسيد النيتروجين (NO2),Nitrogen Dioxide (NO2) Concentration,ميكروجرام/متر مكعب, µg/m³,كلباء,Kalba,سكنية ,Residential,2015,25.631171
عجمان ,Ajman,تركيز ثاني أكسيد النيتروجين (NO2),Nitrogen Dioxide (NO2) Concentration,ميكروجرام/متر مكعب, µg/m³,الحميدية,Al hamediah ,سكنية ,Residential,2015,40.595678
عجمان ,Ajman,تركيز ثاني أكسيد النيتروجين (NO2),Nitrogen Dioxide (NO2) Concentration,ميكروجرام/متر مكعب, µg/m³,مشيرف,Musharif,سكنية ,Residential,2015,50.438797
رأس الخيمة ,Ras Al-Khaimah ,تركيز ثاني أكسيد النيتروجين (NO2),Nitrogen Dioxide (NO2) Concentration,ميكروجرام/متر مكعب, µg/m³,الجير,Al Jeer,سكنية ,Residential,2015,35.776193
رأس الخيمة ,Ras Al-Khaimah ,تركيز ثاني أكسيد النيتروجين (NO2),Nitrogen Dioxide (NO2) Concentration,ميكروجرام/متر مكعب, µg/m³,البريرات,Al Burairat,سكنية ,Residential,2015,41.295026
رأس الخيمة ,Ras Al-Khaimah ,تركيز ثاني أكسيد النيتروجين (NO2),Nitrogen Dioxide (NO2) Concentration,ميكروجرام/متر مكعب, µg/m³,القاسمية,AL Qasmiah,سكنية ,Residential,2015,45.041574
رأس الخيمة ,Ras Al-Khaimah ,تركيز ثاني أكسيد النيتروجين (NO2),Nitrogen Dioxide (NO2) Concentration,ميكروجرام/متر مكعب, µg/m³,غليلة,Ghalilah,سكنية ,Residential,2015,45.516624
أبوظبي,Abu Dhabi  ,تركيز ثاني أكسيد النيتروجين (NO2),Nitrogen Dioxide (NO2) Concentration,ميكروجرام/متر مكعب, µg/m³,شارع حمدان,Hamdan Street,جانب الطريق,Traffic,2016,50.06024426435323
أبوظبي,Abu Dhabi  ,تركيز ثاني أكسيد النيتروجين (NO2),Nitrogen Dioxide (NO2) Concentration,ميكروجرام/متر مكعب, µg/m³,مدرسة خديجة,Khadejah School,وسط المدينة ,Down Town,2016,30.79187892632786
أبوظبي,Abu Dhabi  ,تركيز ثاني أكسيد النيتروجين (NO2),Nitrogen Dioxide (NO2) Concentration,ميكروجرام/متر مكعب, µg/m³,مدرسة خليفة,Khalifa School,حضرية/ سكنية,Urban/Residential,2016,27.804073179150826
أبوظبي,Abu Dhabi  ,تركيز ثاني أكسيد النيتروجين (NO2),Nitrogen Dioxide (NO2) Concentration,ميكروجرام/متر مكعب, µg/m³,المقطع,Al Maqta,حضرية/ سكنية,Urban/Residential,2016,38.667984825842
أبوظبي,Abu Dhabi  ,تركيز ثاني أكسيد النيتروجين (NO2),Nitrogen Dioxide (NO2) Concentration,ميكروجرام/متر مكعب, µg/m³,مدينة خليفة أ,Khalifa City A, حضرية/ سكنية,Urban/Residential,2016,28.22411396803325
أبوظبي,Abu Dhabi  ,تركيز ثاني أكسيد النيتروجين (NO2),Nitrogen Dioxide (NO2) Concentration,ميكروجرام/متر مكعب, µg/m³,مدرسة بني ياس,Baniyas School,حضرية/ سكنية,Urban/Residential,2016,32.17153855126565
أبوظبي,Abu Dhabi  ,تركيز ثاني أكسيد النيتروجين (NO2),Nitrogen Dioxide (NO2) Concentration,ميكروجرام/متر مكعب, µg/m³,مصفح,Mussafah ,صناعية  ,Industrial,2016,52.43224554997721
أبوظبي,Abu Dhabi  ,تركيز ثاني أكسيد النيتروجين (NO2),Nitrogen Dioxide (NO2) Concentration,ميكروجرام/متر مكعب, µg/m³,المفرق,Al Mafraq,صناعية,Industrial,2016,45.77585077768658
أبوظبي,Abu Dhabi  ,تركيز ثاني أكسيد النيتروجين (NO2),Nitrogen Dioxide (NO2) Concentration,ميكروجرام/متر مكعب, µg/m³, شارع العين,Al Ain Street,جانب الطريق,Traffic,2016,42.68088604704258
أبوظبي,Abu Dhabi  ,تركيز ثاني أكسيد النيتروجين (NO2),Nitrogen Dioxide (NO2) Concentration,ميكروجرام/متر مكعب, µg/m³,مدرسة العين,Al Ain Islamic Institute,حضرية/ سكنية,Urban/Residential,2016,32.43991553475631
أبوظبي,Abu Dhabi  ,تركيز ثاني أكسيد النيتروجين (NO2),Nitrogen Dioxide (NO2) Concentration,ميكروجرام/متر مكعب, µg/m³,الطوية,Al Tawia,حضرية/ سكنية,Urban/Residential,2016,33.42309540150991
أبوظبي,Abu Dhabi  ,تركيز ثاني أكسيد النيتروجين (NO2),Nitrogen Dioxide (NO2) Concentration,ميكروجرام/متر مكعب, µg/m³,زاخر,Zakher , حضرية/ سكنية,Urban/Residential,2016,35.2316202794779
أبوظبي,Abu Dhabi  ,تركيز ثاني أكسيد النيتروجين (NO2),Nitrogen Dioxide (NO2) Concentration,ميكروجرام/متر مكعب, µg/m³,سويحان,Sweihan,حضرية/ سكنية,Urban/Residential,2016,13.174234752589133
أبوظبي,Abu Dhabi  ,تركيز ثاني أكسيد النيتروجين (NO2),Nitrogen Dioxide (NO2) Concentration,ميكروجرام/متر مكعب, µg/m³,القوع,Al Qua'a,ريفية/ سكنية,Residential,2016,4.506328968527434
أبوظبي,Abu Dhabi  ,تركيز ثاني أكسيد النيتروجين (NO2),Nitrogen Dioxide (NO2) Concentration,ميكروجرام/متر مكعب, µg/m³,طريق أبوظبي - طريف السريع,Abu Dhabi- Tarif Road,جانب الطريق,Traffic,2016,-
أبوظبي,Abu Dhabi  ,تركيز ثاني أكسيد النيتروجين (NO2),Nitrogen Dioxide (NO2) Concentration,ميكروجرام/متر مكعب, µg/m³, بدع زايد,Bida Zayed ,حضرية/ سكنية,Urban/Residential,2016,13.9569051580699
أبوظبي,Abu Dhabi  ,تركيز ثاني أكسيد النيتروجين (NO2),Nitrogen Dioxide (NO2) Concentration,ميكروجرام/متر مكعب, µg/m³,حبشان,Habshan South ,ريفية/ سكنية,Residential,2016,13.056955168837167
أبوظبي,Abu Dhabi  ,تركيز ثاني أكسيد النيتروجين (NO2),Nitrogen Dioxide (NO2) Concentration,ميكروجرام/متر مكعب, µg/m³,الرويس,Ruwais ,صناعية  ,Industrial,2016,24.838111726685092
أبوظبي,Abu Dhabi  ,تركيز ثاني أكسيد النيتروجين (NO2),Nitrogen Dioxide (NO2) Concentration,ميكروجرام/متر مكعب, µg/m³,مدرسة غياثي,Gayathi School,وسط المدينة,Down Town,2016,14.90160212079297
أبوظبي,Abu Dhabi  ,تركيز ثاني أكسيد النيتروجين (NO2),Nitrogen Dioxide (NO2) Concentration,ميكروجرام/متر مكعب, µg/m³,واحة ليوا,Liwa Oasis,نائية,Remote Area,2016,4.05989217065167
دبي,Dubai,تركيز ثاني أكسيد النيتروجين (NO2),Nitrogen Dioxide (NO2) Concentration,ميكروجرام/متر مكعب, µg/m³,ديرة ,Deira,سكنية-تجارية,Residential-Commercial,2016,55.67470655650165
دبي,Dubai,تركيز ثاني أكسيد النيتروجين (NO2),Nitrogen Dioxide (NO2) Concentration,ميكروجرام/متر مكعب, µg/m³,الكرامة,Karama,سكنية-تجارية,Residential-Commercial,2016,59.71688413928115
دبي,Dubai,تركيز ثاني أكسيد النيتروجين (NO2),Nitrogen Dioxide (NO2) Concentration,ميكروجرام/متر مكعب, µg/m³,حديقة زعبيل,Zabeel Park,حديقة,Park,2016,59.74942498356629
دبي,Dubai,تركيز ثاني أكسيد النيتروجين (NO2),Nitrogen Dioxide (NO2) Concentration,ميكروجرام/متر مكعب, µg/m³,قرية جبل علي ,Jebel Ali Village,سكنية,Residential,2016,51.24885552150425
دبي,Dubai,تركيز ثاني أكسيد النيتروجين (NO2),Nitrogen Dioxide (NO2) Concentration,ميكروجرام/متر مكعب, µg/m³,تلال الإمارات,Emirates Hills,سكنية,Residential,2016,46.82234218403396
دبي,Dubai,تركيز ثاني أكسيد النيتروجين (NO2),Nitrogen Dioxide (NO2) Concentration,ميكروجرام/متر مكعب, µg/m³,مطار دبي,Dubai Airport,سكنية,Airport,2016,56.66635507426366
دبي,Dubai,تركيز ثاني أكسيد النيتروجين (NO2),Nitrogen Dioxide (NO2) Concentration,ميكروجرام/متر مكعب, µg/m³,المشرف,Mushrif,حديقة,Park,2016,31.793588008541967
دبي,Dubai,تركيز ثاني أكسيد النيتروجين (NO2),Nitrogen Dioxide (NO2) Concentration,ميكروجرام/متر مكعب, µg/m³,حتا,Hatta,نائية,Remote Area,2016,24.317055745020525
دبي,Dubai,تركيز ثاني أكسيد النيتروجين (NO2),Nitrogen Dioxide (NO2) Concentration,ميكروجرام/متر مكعب, µg/m³,ميناء جبل علي,Jebel Ali Port,صناعية  ,Industrial,2016,-
دبي,Dubai,تركيز ثاني أكسيد النيتروجين (NO2),Nitrogen Dioxide (NO2) Concentration,ميكروجرام/متر مكعب, µg/m³,ورسان ,Warsan,صناعية  ,Industrial,2016,54.785712161021365
دبي,Dubai,تركيز ثاني أكسيد النيتروجين (NO2),Nitrogen Dioxide (NO2) Concentration,ميكروجرام/متر مكعب, µg/m³,شارع الشيخ زايد,Shk. Zayed Road,جانب الطريق,Traffic,2016,51.843075746068216
دبي,Dubai,تركيز ثاني أكسيد النيتروجين (NO2),Nitrogen Dioxide (NO2) Concentration,ميكروجرام/متر مكعب, µg/m³,شارع الشيخ محمد بن زايد,Sheikh Mohd. Bin Zayed Rd.,جانب الطريق,Traffic,2016,76.5590123307921
الشارقة,Sharjah,تركيز ثاني أكسيد النيتروجين (NO2),Nitrogen Dioxide (NO2) Concentration,ميكروجرام/متر مكعب, µg/m³,الحمرية,Al hummariah,صناعية ,Industrial ,2016,47.04999999999999
الشارقة,Sharjah,تركيز ثاني أكسيد النيتروجين (NO2),Nitrogen Dioxide (NO2) Concentration,ميكروجرام/متر مكعب, µg/m³,كلباء,Kalba,سكنية ,Residential,2016,25.210000000000004
عجمان ,Ajman,تركيز ثاني أكسيد النيتروجين (NO2),Nitrogen Dioxide (NO2) Concentration,ميكروجرام/متر مكعب, µg/m³,الحميدية,Al hamediah ,سكنية ,Residential,2016,51.60583333333333
عجمان ,Ajman,تركيز ثاني أكسيد النيتروجين (NO2),Nitrogen Dioxide (NO2) Concentration,ميكروجرام/متر مكعب, µg/m³,مشيرف,Musharif,سكنية ,Residential,2016,50.54916666666667
رأس الخيمة ,Ras Al-Khaimah ,تركيز ثاني أكسيد النيتروجين (NO2),Nitrogen Dioxide (NO2) Concentration,ميكروجرام/متر مكعب, µg/m³,الجير,Al Jeer,سكنية ,Residential,2016,32.09416666666666
رأس الخيمة ,Ras Al-Khaimah ,تركيز ثاني أكسيد النيتروجين (NO2),Nitrogen Dioxide (NO2) Concentration,ميكروجرام/متر مكعب, µg/m³,البريرات,Al Burairat,سكنية ,Residential,2016,37.973333333333336
رأس الخيمة ,Ras Al-Khaimah ,تركيز ثاني أكسيد النيتروجين (NO2),Nitrogen Dioxide (NO2) Concentration,ميكروجرام/متر مكعب, µg/m³,القاسمية,AL Qasmiah,سكنية ,Residential,2016,46.45833333333334
رأس الخيمة ,Ras Al-Khaimah ,تركيز ثاني أكسيد النيتروجين (NO2),Nitrogen Dioxide (NO2) Concentration,ميكروجرام/متر مكعب, µg/m³,غليلة,Ghalilah,سكنية ,Residential,2016,44.87416666666667
